date,views,view_uniques,clones,clone_uniques,release_downloads,releases,stars,forks,note
2026-07-29,0,0,0,0,,,,,
2026-07-30,7,4,43,13,,,,,
2026-07-31,0,0,0,0,,,,,
2026-08-01,0,0,4,3,,,,,
2026-08-02,0,0,5,2,,,,,
2026-08-03,0,0,3,2,,,,,
2026-08-04,0,0,0,0,,,,,
2026-08-05,0,0,3,2,,,,,
2026-08-06,0,0,3,2,,,,,
2026-08-07,0,0,2,1,,,,,
2026-08-08,0,0,1,1,,,,,
2026-08-09,0,0,27,4,,,,,
2026-08-10,0,0,1,1,,,,,
2026-08-11,0,0,2,1,,,,,
2026-08-12,14,3,182,69,70,9,0,0,
2026-08-13,3,1,22,10,99,9,0,0,
2026-08-14,0,0,2,2,111,9,0,0,
2026-08-15,0,0,12,6,114,9,0,0,
2026-08-16,0,0,7,4,116,9,0,0,
2026-08-17,0,0,9,5,120,9,0,0,
2026-08-18,0,0,7,5,124,9,0,0,
2026-08-19,0,0,2,2,130,9,0,0,
2026-08-20,5,2,11,7,132,9,0,0,
2026-08-21,0,0,20,7,138,9,0,0,
2026-08-22,2,1,8,5,142,9,0,0,
2026-08-23,0,0,6,4,148,9,0,0,
2026-08-24,0,0,7,4,154,9,0,0,
2026-08-25,0,0,16,10,160,9,0,0,
2026-08-26,1,1,7,4,163,9,0,0,
2026-08-27,0,0,12,7,179,9,0,0,
2026-08-28,0,0,10,4,182,9,0,0,
2026-08-29,0,0,8,5,185,9,0,0,
2026-08-30,2,1,34,5,186,9,0,0,
2026-08-31,0,0,12,5,190,9,0,0,
2026-09-01,0,0,10,5,192,9,0,0,
2026-09-02,0,0,8,3,195,9,0,0,
2026-09-03,0,0,3,3,200,9,0,0,
2026-09-04,0,0,11,5,203,9,0,0,
2026-09-05,,,,,205,9,0,0,
